00:00:09,00500,00500,00500,00500,00500,00500,00500,00500,00500,00500,00500,00500,00500,00500,00500,00500,00500,00500,00500,00500,00500,00500,00500,00500,00500,00500,00500,00500,00500,00500,00500,00500,00500,00500,00500,00500,00500,00500,00500,00500,00500,00500,00500,00500,00500,00500,00500,00500,00500,00500,00500,00500,00500,00500,00500,00500,00500,00500,00500,00500,00500,00568,00500,00500,00500,00500,00500,00500,00500,00568,00500,00500,00500,00500,00500,00500,00500,00568,00500,00500,00500,00500,00500,00500,00500,00568,00500,00500,00500,00500,00500,00500,00500,00568,00500,00500,00500,00500,00500,00500,00500,00568,00500,00500,00500,00500,00500,00500,00500,00568,00500,00500,00500,00500,00500,00500,00500,00568,00500,00500,00500,00500,00500,00500,00500,00568,00500,00500,
00:00:10,00500,00500,00500,00500,00500,00500,00500,00500,00500,00500,00500,00500,00500,00500,00500,00500,00500,00500,00500,00500,00500,00500,00500,00500,00500,00500,00500,00500,00500,00500,00500,00500,00500,00500,00500,00500,00500,00500,00500,00500,00500,00500,00500,00500,00500,00500,00500,00500,00500,00500,00500,00500,00500,00500,00500,00500,00500,00500,00500,00500,00500,00500,00500,00500,00500,00500,00500,00500,00500,00500,00500,00500,00500,00500,00500,00500,00500,00500,00500,00500,00500,00500,00500,00500,00500,00500,00500,00500,00500,00500,00500,00500,00500,00500,00500,00500,00500,00500,00500,00500,00500,00500,00500,00500,00500,00500,00500,00500,00500,00500,00500,00500,00500,00500,00500,00500,00500,00500,00500,00500,00500,00500,00500,00500,00500,00500,00500,00500,
00:00:10,00500,00500,00500,00500,00500,00500,00500,00500,00500,00500,00500,00500,00500,00500,00500,00500,00500,00500,00500,00500,00500,00500,00500,00500,00500,00500,00500,00500,00500,00500,00500,00500,00500,00500,00500,00500,00500,00500,00500,00500,00500,00500,00500,00500,00500,00500,00500,00500,00500,00500,00500,00500,00500,00500,00500,00500,00500,00500,00500,00500,00500,00500,00500,00500,00500,00500,00500,00500,00500,00500,00500,00500,00500,00500,00500,00500,00500,00500,00500,00500,00500,00500,00500,00500,00500,00500,00500,00500,00500,00500,00500,00500,00500,00500,00500,00500,00500,00500,00500,00500,00500,00500,00500,00500,00500,00500,00500,00500,00500,00500,00500,00500,00500,00500,00500,00500,00500,00500,00500,00500,00500,00500,00500,00500,00500,00500,00500,00500,
00:00:10,00500,00500,00500,00500,00500,00500,00500,00500,00500,00500,00500,00500,00500,00500,00500,00500,00500,00500,00500,00500,00500,00500,00500,00500,00500,00500,00500,00500,00500,00500,00500,00500,00500,00500,00500,00498,00500,00500,00500,00500,00500,00500,00500,00498,00500,00500,00500,00500,00500,00500,00500,00498,00500,00500,00500,00500,00500,00500,00500,00498,00500,00500,00500,00500,00500,00500,00500,00498,00500,00500,00500,00500,00500,00500,00500,00498,00500,00500,00500,00500,00500,00500,00500,00498,00500,00500,00500,00500,00500,00500,00500,00498,00500,00500,00500,00500,00500,00500,00500,00498,00500,00500,00500,00500,00500,00500,00500,00498,00500,00500,00500,00500,00500,00500,00500,00498,00500,00500,00500,00500,00500,00500,00500,00498,00500,00500,00500,00500,
00:00:11,00500,00500,00500,00500,00500,00500,00500,00500,00500,00500,00500,00500,00477,00500,00500,00500,00500,00500,00500,00500,00477,00500,00500,00500,00500,00500,00500,00500,00477,00500,00500,00500,00500,00500,00500,00500,00477,00500,00500,00500,00500,00500,00500,00500,00477,00500,00500,00500,00500,00500,00500,00500,00477,00500,00500,00500,00500,00500,00500,00500,00477,00500,00500,00500,00500,00500,00500,00500,00477,00500,00500,00500,00500,00500,00500,00500,00477,00500,00500,00500,00500,00500,00500,00500,00477,00500,00500,00500,00500,00500,00500,00500,00477,00500,00500,00500,00500,00500,00500,00500,00477,00500,00500,00500,00500,00500,00500,00500,00477,00500,00500,00500,00500,00500,00500,00500,00477,00500,00500,00500,00500,00500,00500,00500,00477,00500,00500,00500,
00:00:11,00530,00498,00491,00559,00519,00485,00500,00541,00530,00498,00491,00559,00519,00485,00500,00541,00530,00498,00491,00559,00519,00485,00500,00541,00530,00498,00491,00559,00519,00485,00500,00541,00530,00498,00491,00559,00519,00485,00500,00541,00530,00498,00491,00559,00519,00485,00500,00541,00530,00498,00491,00559,00519,00485,00500,00541,00530,00498,00491,00559,00519,00485,00500,00541,00530,00498,00491,00559,00519,00485,00500,00541,00530,00498,00491,00559,00519,00485,00500,00541,00530,00498,00491,00559,00519,00485,00500,00541,00530,00498,00491,00559,00519,00485,00500,00541,00530,00498,00491,00559,00519,00485,00500,00541,00530,00498,00491,00559,00519,00485,00500,00541,00530,00498,00491,00559,00519,00485,00500,00541,00530,00498,00491,00559,00519,00485,00500,00541,
00:00:11,00480,00451,00502,00513,00494,00500,00500,00500,00480,00451,00502,00513,00494,00500,00500,00500,00480,00451,00502,00513,00494,00500,00500,00500,00480,00451,00502,00513,00494,00500,00500,00500,00480,00451,00502,00513,00494,00500,00500,00500,00480,00451,00502,00513,00494,00500,00500,00500,00480,00451,00502,00513,00494,00500,00500,00500,00480,00451,00502,00513,00494,00500,00500,00500,00480,00451,00502,00513,00494,00500,00500,00500,00480,00451,00502,00513,00494,00500,00500,00500,00480,00451,00502,00513,00494,00500,00500,00500,00480,00451,00502,00513,00494,00500,00500,00500,00480,00451,00502,00513,00494,00500,00500,00500,00480,00451,00502,00513,00494,00500,00500,00500,00480,00451,00502,00513,00494,00500,00500,00500,00480,00451,00502,00513,00494,00500,00500,00500,
00:00:12,00543,00500,00500,00500,00500,00500,00500,00500,00543,00500,00500,00500,00500,00500,00500,00500,00543,00500,00500,00500,00500,00500,00500,00500,00500,00500,00500,00500,00500,00500,00500,00500,00500,00500,00500,00500,00500,00500,00500,00500,00500,00500,00500,00500,00500,00500,00500,00500,00500,00500,00500,00500,00500,00500,00500,00500,00500,00500,00500,00500,00500,00500,00500,00500,00500,00500,00500,00500,00461,00500,00500,00500,00500,00500,00500,00500,00461,00500,00500,00500,00500,00500,00500,00500,00461,00500,00500,00500,00500,00500,00500,00500,00461,00500,00500,00500,00500,00500,00500,00500,00461,00500,00500,00500,00500,00500,00500,00500,00461,00500,00500,00500,00500,00500,00500,00500,00461,00500,00500,00500,00500,00500,00500,00500,00461,00500,00500,00500,
00:00:12,00500,00500,00500,00500,00500,00500,00500,00500,00500,00500,00500,00500,00500,00500,00500,00500,00500,00500,00500,00500,00500,00500,00500,00500,00500,00500,00500,00500,00500,00500,00500,00500,00500,00500,00500,00500,00500,00500,00500,00500,00500,00500,00500,00500,00500,00500,00500,00500,00500,00500,00500,00500,00500,00500,00500,00500,00500,00500,00500,00500,00500,00500,00500,00500,00500,00500,00500,00500,00461,00500,00500,00500,00500,00500,00500,00500,00461,00500,00500,00500,00500,00500,00500,00500,00461,00500,00500,00500,00500,00500,00500,00500,00461,00500,00500,00500,00500,00500,00500,00500,00461,00500,00500,00500,00500,00500,00500,00500,00461,00500,00500,00500,00500,00500,00500,00500,00461,00500,00500,00500,00500,00500,00500,00500,00461,00500,00500,00500,
00:00:26,00500,00520,00566,00500,00500,00556,00583,00495,00503,00520,00566,00500,00500,00556,00583,00495,00503,00520,00566,00518,00500,00556,00583,00495,00503,00520,00566,00518,00500,00556,00583,00495,00503,00520,00566,00518,00500,00556,00583,00495,00503,00520,00566,00518,00500,00556,00583,00495,00503,00520,00566,00518,00500,00556,00583,00495,00503,00520,00566,00518,00500,00556,00583,00495,00503,00520,00566,00518,00500,00556,00583,00495,00503,00520,00566,00518,00500,00556,00583,00495,00503,00520,00566,00518,00500,00556,00583,00495,00503,00520,00566,00518,00500,00556,00583,00495,00503,00520,00566,00518,00500,00556,00583,00495,00503,00520,00566,00518,00500,00556,00583,00495,00503,00520,00566,00518,00500,00556,00583,00495,00503,00520,00566,00518,00500,00556,00583,00495,
00:00:26,00500,00500,00500,00500,00500,00500,00500,00500,00500,00500,00500,00500,00500,00500,00500,00500,00500,00500,00500,00500,00500,00500,00500,00500,00500,00500,00500,00500,00500,00500,00500,00500,00500,00500,00500,00540,00500,00500,00500,00500,00500,00500,00500,00540,00500,00500,00500,00500,00500,00500,00500,00540,00500,00500,00500,00500,00500,00500,00500,00540,00500,00500,00500,00500,00500,00500,00500,00540,00500,00500,00500,00500,00500,00500,00500,00540,00500,00500,00500,00500,00500,00500,00500,00540,00500,00500,00500,00500,00500,00500,00500,00540,00500,00500,00500,00500,00500,00500,00500,00540,00500,00500,00500,00500,00500,00500,00500,00540,00500,00500,00500,00500,00500,00500,00500,00540,00500,00500,00500,00500,00500,00500,00500,00540,00500,00500,00500,00500,
00:00:26,00500,00500,00500,00500,00500,00500,00500,00500,00500,00500,00500,00500,00500,00500,00500,00500,00500,00500,00500,00500,00500,00500,00500,00500,00500,00500,00500,00500,00500,00500,00500,00500,00500,00500,00500,00500,00500,00500,00500,00500,00500,00500,00500,00500,00500,00500,00500,00500,00500,00500,00500,00500,00500,00500,00500,00500,00500,00500,00500,00500,00500,00500,00500,00500,00500,00500,00500,00500,00500,00500,00500,00500,00500,00500,00500,00500,00500,00500,00500,00500,00500,00500,00500,00500,00500,00500,00500,00500,00500,00500,00500,00500,00500,00500,00500,00500,00500,00500,00500,00500,00500,00500,00500,00500,00500,00500,00508,00500,00500,00500,00500,00500,00500,00500,00508,00500,00500,00500,00500,00500,00500,00500,00508,00500,00500,00500,00500,00500,
00:00:27,00500,00500,00500,00500,00500,00500,00500,00500,00500,00500,00500,00500,00500,00500,00500,00500,00500,00500,00500,00500,00500,00500,00500,00500,00500,00500,00500,00500,00500,00500,00500,00500,00500,00500,00500,00500,00500,00500,00500,00500,00500,00500,00500,00500,00500,00500,00500,00500,00500,00500,00500,00500,00500,00500,00500,00500,00500,00500,00500,00500,00500,00500,00500,00500,00500,00500,00500,00500,00500,00500,00500,00500,00500,00500,00500,00500,00500,00500,00500,00500,00500,00500,00500,00500,00500,00500,00500,00500,00500,00500,00500,00500,00500,00500,00500,00500,00500,00500,00500,00500,00500,00500,00500,00500,00500,00500,00500,00500,00500,00500,00500,00500,00500,00488,00500,00500,00500,00500,00500,00500,00500,00488,00500,00500,00500,00500,00500,00500,
00:00:27,00500,00500,00500,00500,00500,00500,00500,00500,00500,00500,00500,00500,00500,00500,00500,00500,00500,00500,00500,00500,00500,00500,00500,00500,00500,00500,00500,00500,00500,00500,00500,00500,00500,00500,00500,00500,00500,00500,00500,00500,00500,00500,00500,00500,00500,00500,00500,00500,00500,00500,00500,00500,00500,00500,00500,00500,00500,00500,00500,00500,00500,00500,00500,00500,00500,00500,00500,00500,00500,00500,00500,00500,00500,00500,00500,00500,00500,00500,00500,00500,00500,00500,00500,00500,00500,00500,00500,00500,00500,00500,00500,00500,00500,00500,00500,00500,00500,00500,00500,00500,00500,00500,00500,00500,00500,00500,00500,00500,00500,00500,00500,00500,00500,00500,00500,00500,00500,00500,00500,00500,00500,00500,00500,00500,00500,00500,00500,00500,
00:00:27,00500,00500,00500,00500,00500,00500,00500,00500,00500,00500,00500,00500,00500,00500,00500,00500,00500,00500,00500,00500,00500,00500,00500,00500,00500,00500,00500,00500,00500,00500,00500,00539,00500,00500,00500,00500,00500,00500,00500,00539,00500,00500,00500,00500,00500,00500,00500,00539,00500,00500,00500,00500,00500,00500,00500,00539,00500,00500,00500,00500,00500,00500,00500,00539,00500,00500,00500,00500,00500,00500,00500,00539,00500,00500,00500,00500,00500,00500,00500,00539,00500,00500,00500,00500,00500,00500,00500,00539,00500,00500,00500,00500,00500,00500,00500,00539,00500,00500,00500,00500,00500,00500,00500,00539,00500,00500,00500,00500,00500,00500,00500,00539,00500,00500,00500,00500,00500,00500,00500,00539,00500,00500,00500,00500,00500,00500,00500,00539,
00:00:27,00500,00500,00500,00500,00500,00500,00500,00500,00500,00500,00500,00500,00500,00500,00500,00500,00500,00500,00500,00500,00500,00500,00500,00500,00500,00500,00500,00500,00500,00500,00500,00500,00500,00500,00500,00500,00500,00500,00500,00500,00500,00500,00500,00500,00500,00500,00500,00500,00500,00500,00500,00500,00500,00500,00500,00500,00500,00500,00500,00500,00500,00500,00500,00500,00500,00500,00500,00500,00500,00500,00500,00500,00500,00500,00500,00500,00500,00500,00500,00500,00500,00500,00500,00500,00500,00500,00500,00500,00500,00500,00500,00500,00500,00500,00500,00500,00500,00500,00500,00500,00500,00500,00500,00500,00500,00500,00500,00500,00500,00500,00500,00500,00500,00500,00437,00500,00500,00500,00500,00500,00500,00500,00437,00500,00500,00500,00500,00500,
00:00:28,00500,00500,00500,00500,00500,00500,00500,00500,00500,00500,00500,00500,00500,00500,00500,00500,00500,00500,00500,00500,00500,00500,00500,00500,00500,00500,00500,00500,00500,00500,00500,00500,00500,00500,00500,00500,00500,00500,00500,00500,00500,00500,00500,00500,00500,00500,00500,00500,00500,00500,00500,00500,00500,00500,00500,00500,00500,00500,00500,00500,00500,00500,00500,00500,00500,00500,00500,00500,00500,00500,00500,00500,00500,00500,00500,00500,00500,00500,00500,00500,00500,00500,00500,00500,00500,00500,00500,00500,00500,00500,00500,00500,00500,00500,00500,00500,00500,00500,00500,00500,00500,00500,00500,00500,00500,00500,00500,00500,00500,00500,00500,00500,00500,00500,00500,00500,00500,00500,00500,00500,00500,00500,00500,00500,00500,00500,00500,00500,
00:00:28,00500,00500,00500,00500,00500,00500,00500,00500,00500,00500,00500,00500,00500,00500,00500,00500,00500,00500,00500,00500,00500,00500,00500,00500,00500,00500,00500,00500,00500,00500,00500,00500,00500,00500,00500,00500,00500,00500,00500,00500,00500,00500,00500,00500,00500,00500,00500,00500,00500,00500,00500,00500,00500,00500,00500,00500,00500,00500,00500,00500,00500,00500,00500,00500,00500,00500,00500,00500,00500,00500,00500,00500,00500,00500,00500,00500,00500,00500,00500,00500,00500,00500,00500,00500,00500,00500,00500,00500,00500,00500,00500,00500,00500,00500,00500,00500,00500,00500,00500,00500,00500,00500,00500,00500,00500,00500,00500,00500,00500,00500,00500,00500,00500,00500,00500,00500,00500,00500,00500,00500,00500,00500,00500,00500,00500,00500,00500,00500,
00:00:28,00500,00500,00500,00500,00500,00500,00500,00500,00500,00500,00500,00500,00500,00500,00500,00500,00500,00500,00500,00500,00500,00500,00500,00500,00500,00500,00500,00500,00500,00500,00500,00500,00500,00500,00500,00488,00500,00500,00500,00500,00500,00500,00500,00488,00500,00500,00500,00500,00500,00500,00500,00488,00500,00500,00500,00500,00500,00500,00500,00488,00500,00500,00500,00500,00500,00500,00500,00488,00500,00500,00500,00500,00500,00500,00500,00488,00500,00500,00500,00500,00500,00500,00500,00488,00500,00500,00500,00500,00500,00500,00500,00488,00500,00500,00500,00500,00500,00500,00500,00488,00500,00500,00500,00500,00500,00500,00500,00488,00500,00500,00500,00500,00500,00500,00500,00488,00500,00500,00500,00500,00500,00500,00500,00488,00500,00500,00500,00500,
00:00:29,00500,00500,00500,00500,00500,00500,00500,00500,00500,00500,00500,00500,00500,00500,00500,00500,00500,00500,00500,00500,00500,00500,00500,00500,00500,00500,00500,00500,00500,00500,00500,00500,00500,00500,00500,00500,00500,00500,00500,00500,00500,00500,00500,00500,00500,00500,00500,00500,00500,00500,00500,00500,00500,00500,00500,00500,00500,00500,00500,00500,00500,00500,00500,00500,00500,00500,00500,00500,00500,00500,00500,00500,00500,00500,00500,00500,00500,00500,00500,00500,00500,00500,00500,00500,00500,00500,00500,00500,00500,00500,00500,00500,00500,00500,00500,00500,00500,00500,00500,00500,00500,00500,00500,00500,00500,00500,00500,00500,00500,00500,00500,00500,00500,00500,00500,00500,00500,00500,00500,00500,00500,00500,00500,00500,00500,00500,00500,00500,
00:00:29,00500,00500,00500,00500,00500,00500,00500,00500,00500,00500,00500,00500,00500,00500,00500,00500,00500,00500,00500,00500,00500,00500,00500,00500,00500,00500,00500,00500,00535,00500,00500,00500,00500,00500,00500,00500,00535,00500,00500,00500,00500,00500,00500,00500,00535,00500,00500,00500,00500,00500,00500,00500,00535,00500,00500,00500,00500,00500,00500,00500,00535,00500,00500,00500,00500,00500,00500,00500,00535,00500,00500,00500,00500,00500,00500,00500,00535,00500,00500,00500,00500,00500,00500,00500,00535,00500,00500,00500,00500,00500,00500,00500,00535,00500,00500,00500,00500,00500,00500,00500,00535,00500,00500,00500,00500,00500,00500,00500,00535,00500,00500,00500,00500,00500,00500,00500,00535,00500,00500,00500,00500,00500,00500,00500,00535,00500,00500,00500,
00:00:29,00500,00500,00500,00500,00500,00500,00500,00500,00500,00500,00500,00500,00500,00500,00500,00500,00500,00500,00500,00500,00500,00500,00500,00500,00500,00500,00500,00500,00500,00500,00500,00500,00500,00500,00500,00500,00500,00500,00500,00500,00500,00500,00500,00500,00500,00500,00500,00500,00500,00480,00500,00500,00500,00500,00500,00500,00500,00480,00500,00500,00500,00500,00500,00500,00500,00480,00500,00500,00500,00500,00500,00500,00500,00480,00500,00500,00500,00500,00500,00500,00500,00480,00500,00500,00500,00500,00500,00500,00500,00480,00500,00500,00500,00500,00500,00500,00500,00480,00500,00500,00500,00500,00500,00500,00500,00480,00500,00500,00500,00500,00500,00500,00500,00480,00500,00500,00500,00500,00500,00500,00500,00480,00500,00500,00500,00500,00500,00500,
00:00:30,00500,00500,00500,00500,00500,00500,00500,00500,00500,00500,00500,00500,00500,00500,00500,00500,00500,00500,00500,00500,00500,00500,00500,00500,00500,00500,00500,00500,00500,00500,00500,00500,00500,00500,00500,00500,00500,00500,00500,00500,00500,00500,00500,00500,00500,00500,00500,00500,00500,00500,00500,00500,00500,00500,00500,00500,00500,00500,00500,00500,00500,00500,00500,00500,00500,00500,00500,00500,00500,00500,00500,00500,00500,00500,00500,00500,00500,00500,00500,00500,00500,00500,00500,00500,00500,00500,00500,00500,00500,00500,00500,00500,00500,00500,00500,00500,00500,00500,00500,00500,00500,00500,00500,00500,00500,00500,00500,00500,00500,00500,00500,00500,00500,00500,00500,00500,00500,00500,00500,00500,00500,00500,00500,00500,00500,00500,00500,00500,
00:00:30,00500,00500,00500,00500,00500,00500,00500,00500,00500,00500,00500,00500,00500,00500,00500,00500,00500,00500,00500,00500,00500,00500,00500,00500,00500,00500,00500,00500,00500,00500,00500,00500,00500,00500,00500,00500,00500,00500,00500,00500,00500,00500,00500,00500,00500,00500,00500,00500,00500,00500,00500,00500,00500,00500,00500,00500,00500,00500,00500,00500,00500,00500,00500,00500,00500,00500,00500,00500,00500,00500,00500,00500,00500,00500,00500,00500,00500,00500,00500,00500,00500,00500,00500,00500,00500,00500,00500,00500,00500,00500,00500,00500,00500,00500,00500,00500,00500,00500,00500,00500,00500,00500,00500,00500,00500,00500,00500,00500,00500,00500,00500,00500,00500,00500,00500,00500,00495,00500,00500,00500,00500,00500,00500,00500,00495,00500,00500,00500,
00:00:30,00500,00500,00500,00500,00500,00500,00500,00500,00500,00500,00500,00500,00500,00500,00500,00500,00500,00500,00500,00500,00500,00500,00500,00500,00500,00500,00500,00500,00500,00500,00500,00500,00500,00500,00500,00500,00500,00500,00500,00500,00500,00500,00500,00500,00500,00500,00500,00500,00500,00500,00500,00500,00500,00500,00500,00500,00500,00500,00500,00500,00500,00500,00500,00500,00500,00500,00500,00500,00500,00500,00500,00500,00500,00500,00500,00500,00500,00500,00500,00500,00500,00500,00500,00500,00500,00500,00500,00500,00500,00500,00500,00500,00500,00500,00500,00500,00500,00500,00500,00500,00500,00500,00500,00500,00469,00500,00500,00500,00500,00500,00500,00500,00469,00500,00500,00500,00500,00500,00500,00500,00469,00500,00500,00500,00500,00500,00500,00500,
00:00:31,00500,00500,00500,00500,00500,00500,00500,00500,00500,00500,00500,00500,00500,00500,00500,00500,00500,00500,00500,00500,00500,00500,00500,00500,00500,00500,00500,00500,00500,00500,00500,00500,00500,00500,00500,00500,00500,00500,00500,00500,00500,00500,00500,00500,00500,00500,00500,00500,00500,00500,00500,00500,00500,00500,00500,00500,00500,00500,00500,00500,00500,00500,00515,00500,00500,00500,00500,00500,00500,00500,00515,00500,00500,00500,00500,00500,00500,00500,00515,00500,00500,00500,00500,00500,00500,00500,00515,00500,00500,00500,00500,00500,00500,00500,00515,00500,00500,00500,00500,00500,00500,00500,00515,00500,00500,00500,00500,00500,00500,00500,00515,00500,00500,00500,00500,00500,00500,00500,00515,00500,00500,00500,00500,00500,00500,00500,00515,00500,
00:00:31,00500,00500,00500,00500,00500,00500,00500,00500,00500,00500,00500,00500,00500,00500,00500,00500,00500,00500,00500,00500,00500,00500,00500,00500,00500,00500,00500,00500,00500,00500,00500,00500,00500,00500,00500,00500,00500,00500,00500,00500,00500,00500,00500,00500,00500,00500,00500,00500,00500,00500,00500,00500,00500,00500,00500,00500,00500,00500,00500,00500,00500,00500,00500,00500,00500,00500,00500,00500,00500,00500,00500,00500,00500,00500,00500,00500,00500,00500,00500,00500,00500,00500,00500,00500,00500,00500,00500,00500,00500,00500,00500,00500,00500,00500,00500,00500,00500,00500,00500,00516,00500,00500,00500,00500,00500,00500,00500,00516,00500,00500,00500,00500,00500,00500,00500,00516,00500,00500,00500,00500,00500,00500,00500,00516,00500,00500,00500,00500,
00:00:31,00500,00500,00500,00500,00500,00500,00500,00500,00500,00500,00500,00500,00500,00500,00500,00500,00500,00500,00500,00500,00500,00500,00500,00500,00500,00500,00500,00500,00500,00500,00500,00500,00500,00500,00500,00500,00500,00500,00500,00500,00500,00500,00500,00500,00500,00500,00500,00500,00500,00500,00500,00500,00500,00500,00500,00500,00500,00500,00500,00500,00500,00500,00500,00500,00500,00500,00500,00500,00500,00500,00500,00500,00500,00500,00500,00500,00500,00500,00500,00500,00500,00500,00500,00500,00500,00500,00500,00500,00500,00500,00500,00500,00500,00500,00500,00500,00532,00500,00500,00500,00500,00500,00500,00500,00532,00500,00500,00500,00500,00500,00500,00500,00532,00500,00500,00500,00500,00500,00500,00500,00532,00500,00500,00500,00500,00500,00500,00500,
00:00:32,00500,00500,00500,00500,00500,00500,00500,00500,00500,00500,00500,00500,00500,00500,00500,00500,00500,00500,00500,00500,00500,00500,00500,00500,00500,00500,00500,00500,00500,00500,00500,00500,00500,00500,00500,00500,00500,00500,00500,00500,00450,00500,00500,00500,00500,00500,00500,00500,00450,00500,00500,00500,00500,00500,00500,00500,00450,00500,00500,00500,00500,00500,00500,00500,00450,00500,00500,00500,00500,00500,00500,00500,00450,00500,00500,00500,00500,00500,00500,00500,00450,00500,00500,00500,00500,00500,00500,00500,00450,00500,00500,00500,00500,00500,00500,00500,00450,00500,00500,00500,00500,00500,00500,00500,00450,00500,00500,00500,00500,00500,00500,00500,00450,00500,00500,00500,00500,00500,00500,00500,00450,00500,00500,00500,00500,00500,00500,00500,
00:00:32,00500,00500,00500,00500,00500,00500,00500,00500,00500,00500,00500,00500,00500,00500,00500,00500,00500,00500,00500,00500,00500,00500,00500,00500,00500,00500,00500,00500,00500,00500,00500,00500,00500,00500,00500,00500,00500,00500,00500,00500,00500,00500,00500,00500,00500,00500,00500,00500,00500,00500,00500,00500,00500,00500,00500,00500,00500,00500,00500,00500,00500,00500,00500,00500,00500,00500,00500,00500,00500,00500,00500,00500,00500,00500,00500,00500,00500,00500,00500,00500,00500,00500,00500,00500,00500,00500,00500,00500,00500,00500,00500,00500,00500,00500,00500,00500,00500,00500,00500,00500,00500,00500,00500,00500,00500,00500,00500,00500,00500,00500,00500,00500,00500,00500,00500,00491,00500,00500,00500,00500,00500,00500,00500,00491,00500,00500,00500,00500,
00:00:32,00500,00500,00500,00500,00500,00500,00500,00500,00500,00500,00500,00500,00500,00500,00500,00500,00500,00500,00500,00500,00500,00500,00500,00500,00500,00500,00500,00500,00500,00500,00500,00500,00500,00500,00500,00500,00500,00500,00500,00500,00500,00500,00500,00500,00500,00500,00500,00500,00500,00500,00500,00500,00500,00500,00500,00500,00500,00500,00500,00500,00500,00500,00500,00500,00500,00500,00500,00500,00500,00500,00500,00500,00500,00500,00500,00500,00500,00500,00500,00500,00500,00500,00500,00500,00500,00500,00500,00500,00500,00500,00500,00500,00500,00500,00500,00500,00500,00500,00500,00500,00500,00500,00500,00500,00500,00500,00500,00500,00500,00500,00500,00500,00500,00500,00500,00500,00500,00500,00500,00500,00503,00509,00532,00524,00573,00548,00475,00500,
00:00:33,00500,00500,00500,00500,00500,00500,00500,00451,00513,00531,00500,00500,00500,00500,00500,00451,00513,00531,00500,00500,00500,00500,00500,00451,00513,00531,00500,00500,00500,00500,00500,00451,00513,00531,00500,00500,00500,00500,00500,00451,00513,00531,00500,00500,00500,00500,00500,00451,00513,00531,00500,00500,00500,00500,00500,00451,00513,00531,00500,00500,00500,00500,00500,00451,00513,00531,00504,00500,00500,00500,00500,00451,00513,00531,00504,00500,00500,00500,00500,00451,00513,00531,00504,00500,00500,00500,00500,00451,00513,00531,00504,00500,00500,00500,00500,00451,00513,00531,00504,00500,00500,00500,00500,00451,00513,00531,00504,00500,00500,00500,00500,00451,00513,00531,00504,00500,00500,00500,00500,00451,00513,00531,00504,00500,00500,00500,00500,00451,
00:00:33,00500,00549,00500,00500,00500,00500,00500,00500,00500,00549,00500,00500,00500,00500,00500,00500,00500,00549,00500,00500,00500,00500,00500,00500,00500,00549,00500,00500,00500,00500,00500,00500,00500,00549,00500,00500,00500,00500,00500,00500,00500,00549,00500,00500,00500,00500,00500,00500,00500,00549,00500,00500,00500,00500,00500,00500,00500,00549,00500,00500,00500,00500,00500,00500,00500,00549,00500,00500,00500,00500,00500,00500,00500,00549,00500,00500,00500,00500,00500,00500,00500,00549,00500,00500,00500,00500,00500,00500,00500,00549,00500,00500,00500,00500,00500,00500,00500,00549,00500,00500,00500,00500,00500,00500,00500,00549,00500,00500,00500,00500,00500,00500,00500,00549,00500,00500,00500,00500,00500,00500,00500,00549,00500,00500,00500,00500,00500,00500,
00:00:33,00500,00500,00500,00500,00500,00500,00500,00500,00500,00500,00500,00500,00500,00500,00500,00500,00500,00500,00500,00500,00500,00500,00500,00500,00500,00500,00500,00500,00500,00500,00500,00500,00500,00500,00500,00500,00500,00500,00500,00500,00500,00500,00500,00500,00500,00500,00500,00500,00572,00500,00500,00500,00500,00500,00500,00500,00572,00500,00500,00500,00500,00500,00500,00500,00572,00500,00500,00500,00500,00500,00500,00500,00572,00500,00500,00500,00500,00500,00500,00500,00572,00500,00500,00500,00500,00500,00500,00500,00572,00500,00500,00500,00500,00500,00500,00500,00572,00500,00500,00500,00500,00500,00500,00500,00572,00500,00500,00500,00500,00500,00500,00500,00572,00500,00500,00500,00500,00500,00500,00500,00572,00500,00500,00500,00500,00500,00500,00500,
00:00:33,00513,00467,00487,00548,00500,00500,00500,00593,00513,00467,00487,00548,00500,00500,00500,00593,00513,00467,00487,00548,00500,00500,00500,00593,00513,00467,00487,00548,00500,00500,00500,00593,00513,00467,00487,00548,00500,00500,00500,00593,00513,00467,00487,00548,00500,00500,00500,00593,00513,00467,00487,00548,00500,00500,00500,00593,00513,00467,00487,00548,00500,00500,00500,00593,00513,00467,00487,00548,00500,00500,00500,00593,00513,00467,00487,00548,00500,00500,00500,00593,00513,00467,00487,00548,00500,00500,00500,00593,00513,00467,00487,00548,00500,00500,00500,00593,00513,00467,00487,00548,00500,00500,00500,00593,00513,00467,00487,00548,00553,00500,00500,00593,00513,00467,00487,00548,00553,00500,00500,00593,00513,00467,00487,00548,00553,00500,00500,00593,
00:00:34,00500,00500,00500,00500,00500,00500,00500,00500,00500,00500,00500,00500,00500,00500,00500,00500,00500,00500,00500,00500,00500,00500,00500,00500,00500,00500,00500,00500,00500,00500,00500,00500,00500,00500,00500,00500,00500,00500,00500,00500,00500,00500,00500,00500,00500,00500,00500,00500,00500,00500,00500,00500,00500,00500,00500,00500,00500,00500,00500,00500,00500,00500,00500,00500,00500,00500,00500,00500,00500,00500,00500,00500,00500,00500,00500,00500,00500,00500,00500,00500,00500,00500,00500,00500,00500,00500,00500,00500,00500,00500,00500,00500,00500,00500,00500,00500,00500,00500,00500,00500,00500,00500,00500,00500,00500,00500,00500,00500,00500,00500,00500,00500,00500,00500,00500,00500,00500,00500,00500,00500,00500,00500,00500,00500,00500,00500,00500,00500,
00:00:34,00500,00500,00500,00500,00500,00500,00500,00500,00500,00500,00500,00500,00500,00500,00500,00500,00500,00500,00500,00500,00500,00500,00500,00500,00500,00500,00500,00500,00500,00500,00500,00500,00500,00500,00500,00500,00500,00500,00500,00500,00500,00500,00500,00500,00500,00500,00500,00500,00500,00500,00500,00500,00500,00500,00500,00500,00500,00500,00500,00500,00500,00500,00500,00500,00500,00500,00500,00500,00500,00500,00500,00500,00500,00500,00500,00500,00500,00500,00500,00500,00500,00500,00500,00500,00500,00500,00500,00500,00500,00500,00500,00500,00500,00512,00500,00500,00500,00500,00500,00500,00500,00512,00500,00500,00500,00500,00500,00500,00500,00512,00500,00500,00500,00500,00500,00500,00500,00512,00500,00500,00500,00500,00500,00500,00500,00512,00500,00500,
00:00:34,00500,00500,00500,00500,00500,00500,00500,00500,00500,00500,00500,00500,00500,00500,00500,00500,00500,00500,00500,00500,00500,00500,00500,00500,00500,00500,00500,00500,00500,00500,00500,00500,00500,00500,00500,00500,00500,00500,00500,00500,00500,00500,00500,00500,00500,00500,00500,00500,00500,00500,00500,00500,00500,00500,00500,00500,00500,00500,00500,00500,00500,00500,00500,00500,00500,00500,00500,00500,00500,00500,00500,00500,00500,00500,00500,00500,00500,00500,00500,00500,00500,00500,00500,00500,00500,00500,00500,00500,00500,00500,00500,00500,00500,00500,00500,00500,00500,00500,00500,00500,00500,00500,00500,00500,00500,00500,00500,00500,00500,00500,00500,00500,00500,00500,00500,00500,00500,00500,00500,00500,00500,00500,00519,00500,00500,00500,00500,00500,
00:00:35,00500,00500,00500,00500,00500,00500,00500,00500,00500,00500,00500,00500,00500,00500,00500,00500,00500,00500,00500,00500,00500,00500,00500,00500,00500,00500,00500,00500,00500,00500,00500,00500,00500,00500,00500,00500,00500,00500,00500,00500,00500,00500,00500,00500,00500,00500,00500,00500,00500,00500,00500,00500,00500,00500,00500,00500,00500,00500,00500,00500,00500,00500,00500,00500,00500,00500,00500,00500,00500,00500,00500,00500,00500,00500,00500,00500,00500,00500,00500,00500,00500,00500,00500,00500,00500,00500,00500,00500,00500,00500,00500,00500,00500,00500,00500,00500,00500,00500,00500,00500,00500,00500,00500,00500,00500,00500,00500,00500,00500,00500,00500,00500,00500,00500,00500,00500,00500,00500,00500,00500,00500,00500,00500,00500,00500,00473,00500,00500,
00:00:35,00500,00500,00500,00500,00498,00500,00500,00500,00500,00500,00500,00500,00498,00500,00500,00500,00500,00500,00500,00500,00498,00500,00500,00500,00500,00500,00500,00500,00498,00500,00500,00500,00500,00500,00500,00500,00498,00500,00500,00500,00500,00500,00500,00500,00498,00500,00500,00500,00500,00500,00500,00500,00498,00500,00500,00500,00500,00500,00500,00500,00498,00500,00500,00500,00500,00500,00500,00500,00498,00500,00500,00500,00500,00500,00500,00500,00498,00500,00500,00500,00500,00500,00500,00500,00498,00500,00500,00500,00500,00500,00500,00500,00498,00500,00500,00500,00500,00500,00500,00500,00498,00500,00500,00500,00500,00500,00500,00500,00498,00500,00500,00500,00500,00500,00500,00500,00498,00500,00500,00500,00500,00500,00500,00500,00498,00500,00500,00500,
00:00:35,00500,00500,00500,00500,00500,00500,00500,00500,00500,00500,00500,00500,00500,00500,00500,00500,00500,00500,00500,00500,00500,00500,00500,00500,00500,00500,00500,00506,00500,00500,00500,00500,00500,00500,00500,00506,00500,00500,00500,00500,00500,00500,00500,00506,00500,00500,00500,00500,00500,00500,00500,00506,00500,00500,00500,00500,00500,00500,00500,00506,00500,00500,00500,00500,00500,00500,00500,00506,00500,00500,00500,00500,00500,00500,00500,00506,00500,00500,00500,00500,00500,00500,00500,00506,00500,00500,00500,00500,00500,00500,00500,00506,00500,00500,00500,00500,00500,00500,00500,00506,00500,00500,00500,00500,00500,00500,00500,00506,00500,00500,00500,00500,00500,00500,00500,00506,00500,00500,00500,00500,00500,00500,00500,00506,00500,00500,00500,00500,
00:00:36,00500,00500,00500,00500,00500,00500,00500,00500,00500,00500,00500,00500,00500,00500,00500,00500,00500,00500,00500,00500,00500,00500,00500,00500,00500,00500,00500,00500,00500,00500,00500,00500,00500,00500,00500,00500,00500,00500,00500,00500,00500,00500,00500,00500,00500,00500,00500,00500,00500,00500,00500,00500,00500,00500,00500,00500,00500,00500,00500,00500,00500,00500,00500,00500,00500,00500,00500,00500,00500,00500,00500,00500,00500,00500,00500,00500,00500,00500,00500,00500,00500,00500,00500,00500,00500,00500,00500,00500,00500,00500,00500,00500,00474,00500,00500,00500,00500,00500,00500,00500,00474,00500,00500,00500,00500,00500,00500,00500,00474,00500,00500,00500,00500,00500,00500,00500,00474,00500,00500,00500,00500,00500,00500,00500,00474,00500,00500,00500,
00:00:36,00500,00500,00500,00500,00500,00500,00500,00500,00500,00500,00500,00500,00500,00500,00500,00500,00500,00500,00500,00500,00500,00500,00500,00500,00500,00500,00500,00500,00500,00500,00500,00500,00500,00500,00500,00500,00500,00500,00500,00500,00500,00500,00500,00500,00500,00500,00500,00500,00500,00500,00500,00500,00500,00500,00500,00500,00500,00500,00500,00500,00500,00500,00500,00500,00500,00500,00500,00500,00500,00500,00500,00500,00500,00500,00500,00500,00500,00500,00500,00500,00500,00500,00500,00500,00500,00500,00500,00500,00500,00500,00500,00500,00500,00500,00500,00500,00500,00500,00500,00490,00500,00500,00500,00500,00500,00500,00500,00490,00500,00500,00500,00500,00500,00500,00500,00490,00500,00500,00500,00500,00500,00500,00500,00490,00500,00500,00500,00500,
00:00:36,00500,00500,00500,00500,00500,00500,00500,00500,00500,00500,00500,00500,00500,00500,00500,00500,00500,00500,00500,00500,00500,00500,00500,00500,00500,00500,00500,00500,00500,00500,00500,00500,00500,00500,00500,00500,00500,00500,00500,00500,00500,00500,00500,00500,00500,00500,00500,00500,00500,00500,00500,00500,00500,00500,00500,00500,00500,00500,00500,00500,00500,00500,00500,00500,00500,00500,00500,00500,00500,00500,00500,00500,00500,00500,00500,00500,00500,00500,00500,00500,00500,00500,00500,00500,00500,00500,00500,00500,00500,00500,00500,00500,00500,00500,00500,00500,00500,00500,00500,00500,00500,00500,00500,00500,00500,00500,00500,00500,00500,00500,00500,00500,00500,00500,00500,00500,00500,00500,00500,00500,00500,00500,00500,00500,00500,00500,00500,00500,
00:00:37,00500,00500,00500,00500,00500,00500,00500,00500,00500,00500,00500,00500,00500,00500,00500,00500,00500,00500,00500,00500,00500,00500,00500,00500,00500,00500,00500,00500,00500,00500,00500,00500,00500,00500,00500,00500,00500,00500,00500,00500,00500,00500,00500,00500,00500,00500,00500,00500,00500,00500,00500,00500,00500,00500,00500,00500,00500,00500,00500,00500,00500,00500,00500,00500,00500,00500,00500,00500,00500,00500,00500,00500,00500,00500,00500,00500,00500,00500,00500,00500,00500,00500,00500,00500,00500,00500,00500,00500,00500,00500,00500,00500,00500,00500,00500,00500,00500,00500,00500,00500,00500,00500,00500,00500,00500,00500,00500,00500,00471,00500,00500,00500,00500,00500,00500,00500,00471,00500,00500,00500,00500,00500,00500,00500,00471,00500,00500,00500,
00:00:37,00500,00500,00500,00500,00500,00500,00500,00500,00500,00500,00500,00500,00500,00500,00500,00500,00500,00500,00500,00500,00500,00500,00500,00500,00500,00500,00500,00500,00500,00500,00500,00500,00500,00500,00500,00500,00500,00500,00500,00500,00500,00500,00500,00500,00500,00500,00500,00500,00500,00500,00500,00500,00500,00500,00500,00500,00500,00500,00500,00500,00500,00500,00500,00500,00500,00500,00500,00500,00500,00500,00500,00500,00500,00500,00500,00500,00500,00500,00500,00500,00500,00500,00500,00500,00500,00500,00500,00500,00500,00500,00500,00500,00500,00500,00500,00500,00500,00500,00500,00500,00500,00500,00500,00500,00500,00500,00500,00500,00500,00500,00500,00500,00500,00500,00500,00500,00500,00500,00500,00500,00500,00500,00500,00500,00500,00500,00500,00500,
00:00:37,00500,00500,00500,00500,00500,00500,00500,00500,00500,00500,00500,00500,00500,00500,00500,00500,00500,00500,00500,00500,00500,00500,00500,00500,00500,00500,00500,00500,00500,00500,00500,00500,00500,00500,00500,00500,00500,00500,00500,00500,00500,00500,00500,00500,00500,00500,00500,00500,00500,00500,00500,00500,00500,00500,00500,00500,00500,00500,00500,00500,00500,00500,00500,00500,00500,00500,00535,00500,00500,00500,00500,00500,00500,00500,00535,00500,00500,00500,00500,00500,00500,00500,00535,00500,00500,00500,00500,00500,00500,00500,00535,00500,00500,00500,00500,00500,00500,00500,00535,00500,00500,00500,00500,00500,00500,00500,00535,00500,00500,00500,00500,00500,00500,00500,00535,00500,00500,00500,00500,00500,00500,00500,00535,00500,00500,00500,00500,00500,
00:00:38,00527,00500,00524,00493,00550,00564,00518,00500,00527,00500,00524,00493,00550,00564,00518,00500,00527,00500,00524,00493,00550,00564,00518,00500,00527,00500,00524,00493,00550,00564,00518,00500,00527,00500,00524,00493,00550,00564,00518,00500,00527,00500,00524,00493,00550,00564,00518,00500,00527,00500,00524,00493,00550,00564,00518,00500,00527,00500,00524,00493,00550,00564,00518,00500,00527,00500,00524,00493,00550,00564,00518,00500,00527,00500,00524,00493,00550,00564,00518,00500,00527,00500,00524,00493,00550,00564,00518,00500,00527,00500,00524,00493,00550,00564,00518,00500,00527,00500,00524,00493,00550,00564,00518,00500,00527,00500,00524,00493,00550,00564,00518,00500,00527,00500,00524,00493,00550,00564,00518,00500,00527,00500,00524,00493,00550,00564,00518,00500,
00:00:38,00500,00500,00500,00500,00500,00500,00500,00500,00500,00500,00500,00500,00500,00500,00500,00500,00500,00500,00500,00500,00500,00500,00500,00500,00500,00500,00500,00500,00500,00500,00500,00500,00500,00500,00500,00500,00500,00500,00500,00500,00500,00500,00500,00500,00500,00500,00500,00500,00500,00500,00500,00500,00500,00500,00500,00511,00500,00500,00500,00500,00500,00500,00500,00511,00500,00500,00500,00500,00500,00500,00500,00511,00500,00500,00500,00500,00500,00500,00500,00511,00500,00500,00500,00500,00500,00500,00500,00511,00500,00500,00500,00500,00500,00500,00500,00511,00500,00500,00500,00500,00500,00500,00500,00511,00500,00500,00500,00500,00500,00500,00500,00511,00500,00500,00500,00500,00500,00500,00500,00511,00500,00500,00500,00500,00500,00500,00500,00511,
00:00:38,00500,00500,00500,00500,00500,00500,00500,00500,00500,00500,00500,00500,00500,00500,00500,00500,00500,00500,00500,00500,00500,00500,00500,00500,00500,00500,00500,00500,00500,00500,00500,00500,00500,00500,00500,00500,00500,00500,00500,00500,00500,00500,00500,00500,00500,00500,00500,00500,00500,00500,00500,00500,00500,00500,00500,00500,00500,00500,00500,00500,00500,00500,00500,00500,00500,00500,00500,00500,00500,00500,00500,00500,00500,00500,00500,00500,00500,00500,00500,00500,00500,00500,00500,00500,00500,00500,00500,00500,00500,00500,00500,00513,00500,00500,00500,00500,00500,00500,00500,00513,00500,00500,00500,00500,00500,00500,00500,00513,00500,00500,00500,00500,00500,00500,00500,00513,00500,00500,00500,00500,00500,00500,00500,00513,00500,00500,00500,00500,
00:00:39,00500,00500,00500,00500,00500,00500,00500,00500,00500,00500,00500,00500,00500,00500,00500,00500,00500,00500,00500,00500,00500,00500,00500,00500,00500,00500,00500,00500,00500,00500,00500,00500,00500,00500,00500,00500,00500,00500,00500,00500,00500,00500,00500,00500,00500,00500,00500,00500,00500,00500,00500,00500,00500,00500,00500,00500,00500,00500,00500,00500,00500,00500,00500,00500,00500,00500,00500,00500,00500,00500,00500,00500,00500,00500,00500,00500,00500,00500,00500,00500,00500,00500,00500,00500,00500,00500,00500,00500,00500,00530,00500,00500,00500,00500,00500,00500,00500,00530,00500,00500,00500,00500,00500,00500,00500,00530,00500,00500,00500,00500,00500,00500,00500,00530,00500,00500,00500,00500,00500,00500,00500,00530,00500,00500,00500,00500,00500,00500,
00:00:39,00500,00500,00500,00500,00500,00500,00500,00500,00500,00500,00500,00500,00500,00500,00500,00500,00500,00500,00500,00500,00500,00500,00500,00500,00500,00500,00500,00500,00500,00500,00500,00500,00500,00500,00500,00500,00500,00500,00500,00500,00500,00500,00500,00500,00500,00500,00500,00500,00500,00500,00500,00500,00500,00500,00500,00500,00500,00500,00500,00500,00500,00500,00500,00500,00500,00500,00500,00500,00500,00500,00500,00500,00500,00500,00500,00500,00500,00500,00500,00500,00500,00500,00500,00500,00500,00500,00500,00500,00500,00500,00500,00500,00500,00500,00500,00500,00500,00500,00500,00500,00500,00500,00500,00500,00500,00500,00500,00500,00500,00500,00500,00500,00500,00500,00500,00500,00500,00500,00500,00500,00500,00500,00500,00500,00500,00500,00500,00500,
00:00:39,00500,00500,00500,00500,00500,00500,00500,00500,00500,00500,00500,00500,00500,00500,00500,00500,00500,00500,00500,00500,00500,00500,00500,00500,00500,00500,00500,00500,00500,00500,00500,00500,00500,00500,00500,00500,00500,00500,00500,00500,00500,00500,00500,00500,00500,00500,00500,00500,00500,00500,00500,00500,00500,00500,00500,00500,00500,00500,00500,00500,00500,00500,00500,00500,00500,00500,00500,00500,00500,00500,00500,00500,00500,00500,00500,00500,00500,00500,00500,00500,00500,00500,00500,00500,00500,00500,00500,00500,00500,00500,00500,00500,00500,00500,00500,00500,00500,00500,00500,00500,00500,00500,00500,00500,00500,00500,00500,00500,00500,00500,00500,00496,00500,00500,00500,00500,00500,00500,00500,00496,00500,00500,00500,00500,00500,00500,00500,00496,
00:00:40,00500,00500,00500,00500,00500,00500,00500,00500,00500,00500,00500,00500,00500,00500,00500,00500,00465,00500,00500,00500,00500,00500,00500,00500,00465,00500,00500,00500,00500,00500,00500,00500,00465,00500,00500,00500,00500,00500,00500,00500,00465,00500,00500,00500,00500,00500,00500,00500,00465,00500,00500,00500,00500,00500,00500,00500,00465,00500,00500,00500,00500,00500,00500,00500,00465,00500,00500,00500,00500,00500,00500,00500,00465,00500,00500,00500,00500,00500,00500,00500,00465,00500,00500,00500,00500,00500,00500,00500,00465,00500,00500,00500,00500,00500,00500,00500,00465,00500,00500,00500,00500,00500,00500,00500,00465,00500,00500,00500,00500,00500,00500,00500,00465,00500,00500,00500,00500,00500,00500,00500,00465,00500,00500,00500,00500,00500,00500,00500,
00:00:40,00500,00500,00500,00500,00500,00500,00500,00500,00500,00500,00500,00500,00500,00500,00500,00500,00500,00500,00500,00500,00500,00500,00500,00500,00500,00500,00500,00500,00500,00500,00500,00500,00500,00500,00500,00500,00500,00500,00500,00500,00500,00500,00500,00500,00500,00500,00500,00500,00500,00500,00500,00500,00500,00500,00500,00500,00500,00500,00500,00500,00500,00500,00500,00500,00500,00500,00500,00490,00500,00500,00500,00500,00500,00500,00500,00490,00500,00500,00500,00500,00500,00500,00500,00490,00500,00500,00500,00500,00500,00500,00500,00490,00500,00500,00500,00500,00500,00500,00500,00490,00500,00500,00500,00500,00500,00500,00500,00490,00500,00500,00500,00500,00500,00500,00500,00490,00500,00500,00500,00500,00500,00500,00500,00490,00500,00500,00500,00500,
00:00:40,00500,00500,00500,00500,00500,00500,00500,00500,00500,00500,00500,00500,00500,00500,00500,00500,00500,00500,00500,00500,00500,00500,00500,00500,00500,00500,00500,00500,00500,00500,00500,00500,00472,00500,00500,00500,00500,00500,00500,00500,00472,00500,00500,00500,00500,00500,00500,00500,00472,00500,00500,00500,00500,00500,00500,00500,00472,00500,00500,00500,00500,00500,00500,00500,00472,00500,00500,00500,00500,00500,00500,00500,00472,00500,00500,00500,00500,00500,00500,00500,00472,00500,00500,00500,00500,00500,00500,00500,00472,00500,00500,00500,00500,00500,00500,00500,00472,00500,00500,00500,00500,00500,00500,00500,00472,00500,00500,00500,00500,00500,00500,00500,00472,00500,00500,00500,00500,00500,00500,00500,00472,00500,00500,00500,00500,00500,00500,00500,
00:00:40,00500,00500,00500,00500,00500,00500,00500,00500,00500,00500,00500,00500,00500,00500,00500,00500,00500,00500,00500,00500,00500,00500,00500,00500,00500,00500,00500,00500,00500,00500,00500,00500,00500,00500,00500,00500,00500,00500,00500,00500,00500,00500,00500,00500,00500,00500,00500,00500,00500,00500,00500,00500,00500,00500,00500,00500,00500,00500,00500,00500,00500,00500,00500,00500,00500,00500,00500,00500,00500,00500,00500,00500,00500,00500,00500,00500,00500,00500,00500,00500,00500,00500,00500,00500,00500,00500,00500,00500,00500,00500,00500,00500,00495,00500,00500,00500,00500,00500,00500,00500,00495,00500,00500,00500,00500,00500,00500,00500,00495,00500,00500,00500,00500,00500,00500,00500,00495,00500,00500,00500,00500,00500,00500,00500,00495,00500,00500,00500,
00:00:41,00508,00533,00515,00489,00546,00552,00487,00499,00508,00533,00515,00489,00546,00552,00487,00499,00508,00533,00515,00489,00546,00552,00487,00499,00508,00533,00515,00489,00546,00552,00487,00499,00508,00533,00515,00489,00546,00552,00487,00499,00508,00533,00515,00489,00546,00552,00487,00499,00508,00533,00515,00489,00546,00552,00487,00499,00508,00533,00515,00489,00546,00552,00487,00499,00508,00533,00515,00489,00546,00552,00487,00499,00508,00533,00515,00489,00546,00552,00487,00499,00508,00533,00515,00489,00546,00552,00487,00499,00508,00533,00515,00489,00546,00552,00487,00499,00508,00533,00515,00475,00546,00552,00487,00499,00508,00533,00515,00475,00546,00552,00487,00499,00508,00533,00515,00475,00546,00552,00487,00499,00508,00533,00515,00475,00546,00552,00487,00499,
00:00:41,00500,00500,00500,00500,00500,00500,00500,00500,00500,00500,00500,00500,00500,00500,00500,00500,00500,00500,00500,00500,00500,00500,00500,00500,00500,00500,00500,00500,00500,00500,00500,00500,00500,00500,00500,00500,00500,00500,00500,00500,00500,00500,00500,00500,00500,00500,00500,00500,00500,00500,00500,00500,00500,00500,00500,00500,00500,00500,00500,00476,00500,00500,00500,00500,00500,00500,00500,00476,00500,00500,00500,00500,00500,00500,00500,00476,00500,00500,00500,00500,00500,00500,00500,00476,00500,00500,00500,00500,00500,00500,00500,00476,00500,00500,00500,00500,00500,00500,00500,00476,00500,00500,00500,00500,00500,00500,00500,00476,00500,00500,00500,00500,00500,00500,00500,00476,00500,00500,00500,00500,00500,00500,00500,00476,00500,00500,00500,00500,
00:00:41,00500,00500,00500,00500,00500,00500,00500,00500,00500,00500,00500,00500,00500,00500,00500,00500,00500,00500,00500,00500,00500,00500,00500,00500,00500,00500,00500,00500,00500,00500,00500,00500,00500,00500,00500,00500,00500,00500,00500,00500,00500,00500,00500,00500,00500,00500,00500,00500,00500,00500,00500,00500,00500,00500,00500,00500,00500,00500,00430,00500,00500,00500,00500,00500,00500,00500,00430,00500,00500,00500,00500,00500,00500,00500,00430,00500,00500,00500,00500,00500,00500,00500,00430,00500,00500,00500,00500,00500,00500,00500,00430,00500,00500,00500,00500,00500,00500,00500,00430,00500,00500,00500,00500,00500,00500,00500,00430,00500,00500,00500,00500,00500,00500,00500,00430,00500,00500,00500,00500,00500,00500,00500,00430,00500,00500,00500,00500,00500,
00:00:42,00500,00500,00500,00500,00500,00500,00500,00500,00500,00500,00500,00500,00500,00500,00500,00500,00500,00500,00500,00500,00500,00500,00500,00500,00500,00500,00518,00500,00500,00500,00500,00500,00500,00500,00518,00500,00500,00500,00500,00500,00500,00500,00518,00500,00500,00500,00500,00500,00500,00500,00518,00500,00500,00500,00500,00500,00500,00500,00518,00500,00500,00500,00500,00500,00500,00500,00518,00500,00500,00500,00500,00500,00500,00500,00518,00500,00500,00500,00500,00500,00500,00500,00518,00500,00500,00500,00500,00500,00500,00500,00518,00500,00500,00500,00500,00500,00500,00500,00518,00500,00500,00500,00500,00500,00500,00500,00518,00500,00500,00500,00500,00500,00500,00500,00518,00500,00500,00500,00500,00500,00500,00500,00518,00500,00500,00500,00500,00500,
00:00:42,00500,00500,00500,00500,00500,00500,00500,00500,00500,00500,00500,00500,00500,00500,00500,00500,00500,00500,00500,00500,00500,00500,00500,00500,00500,00500,00500,00500,00500,00500,00500,00500,00500,00500,00500,00500,00500,00500,00500,00500,00500,00500,00500,00500,00500,00500,00500,00500,00500,00500,00500,00500,00500,00500,00500,00500,00500,00500,00500,00500,00500,00500,00500,00500,00500,00500,00500,00500,00500,00500,00500,00500,00500,00500,00500,00500,00500,00500,00500,00500,00500,00500,00500,00500,00500,00500,00500,00500,00500,00500,00500,00500,00500,00500,00500,00500,00500,00500,00500,00500,00500,00500,00500,00500,00500,00500,00500,00500,00500,00500,00500,00484,00500,00500,00500,00500,00500,00500,00500,00484,00500,00500,00500,00500,00500,00500,00500,00484,
00:00:42,00500,00500,00500,00500,00500,00500,00500,00500,00500,00500,00500,00500,00500,00500,00500,00495,00500,00500,00500,00500,00500,00500,00500,00495,00500,00500,00500,00500,00500,00500,00500,00495,00500,00500,00500,00500,00500,00500,00500,00495,00500,00500,00500,00500,00500,00500,00500,00495,00500,00500,00500,00500,00500,00500,00500,00495,00500,00500,00500,00500,00500,00500,00500,00495,00500,00500,00500,00500,00500,00500,00500,00495,00500,00500,00500,00500,00500,00500,00500,00495,00500,00500,00500,00500,00500,00500,00500,00495,00500,00500,00500,00500,00500,00500,00500,00495,00500,00500,00500,00500,00500,00500,00500,00495,00500,00500,00500,00500,00500,00500,00500,00495,00500,00500,00500,00500,00500,00500,00500,00495,00500,00500,00500,00500,00500,00500,00500,00495,
00:00:43,00500,00500,00500,00500,00500,00500,00500,00500,00500,00500,00500,00500,00500,00500,00500,00500,00500,00500,00500,00500,00500,00500,00500,00500,00500,00500,00500,00500,00500,00500,00500,00500,00500,00500,00500,00500,00500,00500,00500,00500,00500,00500,00500,00500,00500,00500,00500,00500,00500,00500,00500,00500,00500,00500,00500,00500,00500,00500,00500,00500,00500,00500,00500,00500,00500,00500,00500,00500,00500,00500,00500,00500,00500,00500,00500,00500,00500,00500,00500,00500,00500,00500,00500,00500,00500,00500,00500,00500,00500,00500,00500,00500,00500,00500,00500,00500,00500,00500,00500,00500,00500,00500,00500,00509,00500,00500,00500,00500,00500,00500,00500,00509,00500,00500,00500,00500,00500,00500,00500,00509,00500,00500,00500,00500,00500,00500,00500,00509,
00:00:43,00500,00500,00500,00500,00500,00500,00500,00500,00500,00500,00500,00500,00500,00500,00500,00500,00500,00500,00500,00500,00500,00500,00500,00500,00500,00500,00500,00435,00500,00500,00500,00500,00500,00500,00500,00435,00500,00500,00500,00500,00500,00500,00500,00435,00500,00500,00500,00500,00500,00500,00500,00435,00500,00500,00500,00500,00500,00500,00500,00435,00500,00500,00500,00500,00500,00500,00500,00435,00500,00500,00500,00500,00500,00500,00500,00435,00500,00500,00500,00500,00500,00500,00500,00435,00500,00500,00500,00500,00500,00500,00500,00435,00500,00500,00500,00500,00500,00500,00500,00435,00500,00500,00500,00500,00500,00500,00500,00435,00500,00500,00500,00500,00500,00500,00500,00435,00500,00500,00500,00500,00500,00500,00500,00435,00500,00500,00500,00500,
00:00:43,00513,00537,00525,00573,00547,00500,00463,00533,00513,00537,00525,00573,00547,00500,00463,00533,00513,00537,00525,00573,00547,00500,00463,00533,00513,00537,00525,00573,00547,00500,00463,00533,00513,00537,00525,00573,00547,00500,00463,00533,00513,00537,00525,00573,00547,00500,00463,00533,00513,00537,00525,00573,00547,00500,00463,00533,00513,00537,00525,00573,00547,00500,00463,00533,00513,00537,00525,00573,00547,00500,00463,00533,00513,00537,00525,00573,00547,00500,00463,00533,00513,00537,00525,00573,00547,00500,00463,00533,00513,00537,00525,00573,00547,00500,00463,00533,00513,00537,00525,00573,00547,00500,00463,00533,00513,00537,00525,00573,00547,00500,00463,00533,00513,00537,00525,00573,00547,00500,00463,00533,00513,00537,00525,00573,00547,00500,00463,00533,
00:00:44,00500,00500,00500,00500,00500,00500,00500,00500,00500,00500,00500,00500,00500,00500,00500,00500,00500,00500,00500,00500,00500,00500,00500,00500,00500,00500,00500,00500,00500,00500,00500,00500,00500,00500,00500,00500,00500,00500,00500,00500,00500,00500,00500,00500,00500,00500,00500,00500,00500,00500,00500,00500,00500,00500,00500,00500,00500,00500,00500,00500,00500,00500,00500,00500,00500,00500,00500,00500,00500,00500,00500,00500,00500,00500,00500,00500,00500,00500,00500,00500,00500,00500,00500,00500,00500,00500,00500,00500,00500,00500,00500,00500,00500,00500,00500,00500,00500,00500,00500,00500,00500,00500,00500,00500,00500,00500,00500,00500,00500,00500,00500,00500,00500,00500,00500,00500,00500,00500,00500,00500,00500,00500,00500,00500,00500,00500,00500,00500,
00:00:44,00500,00500,00500,00500,00500,00500,00500,00500,00500,00500,00500,00500,00500,00500,00500,00500,00500,00500,00500,00500,00500,00500,00500,00500,00500,00500,00500,00500,00500,00500,00500,00500,00500,00500,00500,00500,00500,00500,00500,00500,00500,00500,00500,00500,00500,00500,00500,00500,00500,00500,00500,00500,00500,00500,00500,00500,00500,00500,00500,00500,00500,00500,00500,00500,00500,00500,00500,00500,00500,00500,00500,00500,00500,00500,00500,00500,00500,00500,00500,00500,00500,00500,00500,00500,00500,00500,00500,00500,00500,00500,00500,00500,00500,00500,00500,00500,00500,00500,00500,00500,00500,00500,00500,00500,00500,00500,00500,00500,00500,00500,00500,00500,00500,00500,00500,00579,00500,00500,00500,00500,00500,00500,00500,00579,00500,00500,00500,00500,
00:00:44,00500,00500,00500,00500,00500,00500,00500,00500,00500,00500,00500,00500,00500,00500,00500,00500,00500,00500,00500,00500,00500,00500,00500,00500,00500,00500,00500,00500,00500,00500,00500,00500,00500,00500,00500,00500,00500,00500,00500,00500,00500,00500,00500,00500,00500,00500,00500,00500,00500,00500,00500,00500,00500,00492,00500,00500,00500,00500,00500,00500,00500,00492,00500,00500,00500,00500,00500,00500,00500,00492,00500,00500,00500,00500,00500,00500,00500,00492,00500,00500,00500,00500,00500,00500,00500,00492,00500,00500,00500,00500,00500,00500,00500,00492,00500,00500,00500,00500,00500,00500,00500,00492,00500,00500,00500,00500,00500,00500,00500,00492,00500,00500,00500,00500,00500,00500,00500,00492,00500,00500,00500,00500,00500,00500,00500,00492,00500,00500,
00:00:45,00500,00500,00500,00500,00500,00500,00500,00500,00500,00500,00500,00500,00500,00500,00500,00500,00500,00500,00500,00500,00500,00500,00500,00500,00500,00500,00500,00500,00500,00500,00500,00500,00500,00500,00500,00500,00500,00500,00500,00500,00500,00500,00500,00500,00500,00500,00500,00500,00500,00500,00500,00500,00500,00500,00500,00500,00500,00500,00500,00500,00500,00512,00500,00500,00500,00500,00500,00500,00500,00512,00500,00500,00500,00500,00500,00500,00500,00512,00500,00500,00500,00500,00500,00500,00500,00512,00500,00500,00500,00500,00500,00500,00500,00512,00500,00500,00500,00500,00500,00500,00500,00512,00500,00500,00500,00500,00500,00500,00500,00512,00500,00500,00500,00500,00500,00500,00500,00512,00500,00500,00500,00500,00500,00500,00500,00512,00500,00500,
00:00:45,00500,00500,00500,00500,00500,00500,00500,00500,00500,00500,00500,00500,00500,00500,00500,00500,00500,00500,00500,00500,00500,00500,00500,00500,00500,00500,00500,00500,00500,00500,00500,00500,00500,00500,00500,00500,00500,00500,00500,00500,00500,00500,00500,00500,00500,00500,00500,00500,00500,00500,00500,00500,00500,00500,00500,00500,00500,00500,00500,00500,00500,00500,00500,00500,00500,00500,00500,00500,00500,00500,00500,00500,00500,00500,00500,00500,00500,00500,00500,00500,00500,00500,00500,00500,00500,00500,00500,00500,00500,00500,00500,00500,00500,00500,00500,00500,00500,00500,00500,00500,00500,00500,00500,00500,00500,00500,00500,00500,00500,00500,00500,00500,00500,00500,00500,00500,00500,00500,00500,00500,00500,00500,00500,00500,00500,00500,00500,00500,
00:00:45,00500,00500,00500,00500,00500,00500,00500,00500,00500,00500,00500,00500,00500,00500,00500,00500,00500,00500,00500,00500,00500,00500,00500,00500,00500,00500,00500,00500,00500,00500,00500,00500,00500,00500,00500,00500,00500,00500,00500,00500,00500,00500,00500,00500,00500,00500,00500,00500,00500,00500,00500,00500,00500,00500,00500,00500,00500,00500,00500,00500,00523,00500,00500,00500,00500,00500,00500,00500,00523,00500,00500,00500,00500,00500,00500,00500,00523,00500,00500,00500,00500,00500,00500,00500,00523,00500,00500,00500,00500,00500,00500,00500,00523,00500,00500,00500,00500,00500,00500,00500,00523,00500,00500,00500,00500,00500,00500,00500,00523,00500,00500,00500,00500,00500,00500,00500,00523,00500,00500,00500,00500,00500,00500,00500,00523,00500,00500,00500,
00:00:46,00500,00500,00500,00500,00500,00500,00500,00500,00500,00500,00500,00500,00500,00500,00500,00500,00500,00500,00500,00500,00500,00500,00500,00500,00500,00500,00500,00500,00500,00500,00500,00500,00500,00500,00500,00500,00500,00500,00500,00500,00500,00500,00500,00500,00500,00500,00500,00500,00500,00500,00500,00500,00500,00500,00500,00500,00500,00500,00500,00500,00500,00500,00500,00500,00500,00500,00500,00500,00500,00500,00500,00500,00500,00500,00500,00500,00500,00500,00500,00500,00500,00500,00500,00500,00500,00500,00500,00500,00500,00500,00500,00500,00500,00500,00500,00500,00500,00500,00500,00500,00500,00500,00500,00500,00500,00500,00500,00500,00500,00500,00500,00500,00500,00500,00500,00500,00500,00500,00500,00500,00500,00500,00500,00500,00500,00500,00500,00500,
00:00:46,00500,00500,00500,00500,00500,00500,00500,00500,00500,00500,00500,00500,00500,00500,00500,00500,00500,00500,00500,00500,00500,00500,00500,00500,00500,00500,00500,00500,00500,00500,00500,00500,00500,00500,00500,00500,00500,00500,00500,00500,00500,00500,00500,00500,00500,00500,00500,00500,00500,00500,00500,00500,00500,00500,00500,00500,00500,00500,00500,00500,00500,00500,00500,00500,00500,00500,00500,00500,00500,00500,00500,00500,00500,00500,00500,00500,00500,00500,00500,00500,00500,00500,00500,00500,00500,00500,00500,00500,00500,00500,00500,00500,00500,00500,00500,00500,00601,00500,00500,00500,00500,00500,00500,00500,00601,00500,00500,00500,00500,00500,00500,00500,00601,00500,00500,00500,00500,00500,00500,00500,00601,00500,00500,00500,00500,00500,00500,00500,
00:00:46,00500,00500,00500,00500,00500,00500,00500,00500,00500,00500,00500,00500,00500,00500,00500,00500,00500,00500,00500,00500,00500,00500,00500,00500,00500,00500,00500,00500,00500,00500,00500,00500,00500,00500,00500,00500,00500,00500,00500,00500,00500,00500,00500,00500,00500,00500,00500,00500,00500,00500,00500,00500,00500,00500,00500,00500,00500,00500,00500,00500,00500,00500,00500,00432,00500,00500,00500,00500,00500,00500,00500,00432,00500,00500,00500,00500,00500,00500,00500,00432,00500,00500,00500,00500,00500,00500,00500,00432,00500,00500,00500,00500,00500,00500,00500,00432,00500,00500,00500,00500,00500,00500,00500,00432,00500,00500,00500,00500,00500,00500,00500,00432,00500,00500,00500,00500,00500,00500,00500,00432,00500,00500,00500,00500,00500,00500,00500,00432,
00:00:47,00500,00500,00500,00500,00500,00500,00500,00500,00500,00500,00500,00500,00500,00500,00500,00500,00500,00500,00500,00500,00500,00500,00500,00500,00500,00500,00500,00500,00500,00500,00500,00500,00500,00500,00500,00500,00500,00500,00500,00500,00500,00500,00500,00500,00500,00500,00500,00500,00500,00500,00500,00500,00500,00500,00500,00500,00500,00500,00500,00500,00500,00500,00500,00500,00500,00500,00500,00500,00500,00500,00500,00500,00500,00500,00500,00500,00500,00500,00500,00500,00500,00500,00500,00500,00500,00500,00500,00500,00500,00500,00500,00500,00500,00500,00500,00500,00500,00500,00500,00500,00500,00500,00500,00500,00500,00500,00500,00500,00500,00500,00500,00500,00500,00500,00500,00500,00500,00500,00500,00500,00500,00500,00500,00500,00500,00500,00500,00500,
00:00:47,00500,00500,00500,00500,00500,00500,00500,00500,00500,00500,00500,00500,00500,00500,00500,00500,00500,00500,00500,00500,00500,00500,00500,00500,00500,00500,00500,00500,00500,00500,00500,00500,00500,00500,00500,00500,00500,00500,00500,00500,00500,00500,00500,00500,00500,00500,00500,00500,00500,00500,00500,00500,00500,00500,00500,00500,00498,00500,00500,00500,00500,00500,00500,00500,00498,00500,00500,00500,00500,00500,00500,00500,00498,00500,00500,00500,00500,00500,00500,00500,00498,00500,00500,00500,00500,00500,00500,00500,00498,00500,00500,00500,00500,00500,00500,00500,00498,00500,00500,00500,00500,00500,00500,00500,00498,00500,00500,00500,00500,00500,00500,00500,00498,00500,00500,00500,00500,00500,00500,00500,00498,00500,00500,00500,00500,00500,00500,00500,
00:00:47,00500,00500,00500,00500,00500,00500,00500,00500,00500,00500,00500,00500,00500,00500,00500,00523,00500,00500,00500,00500,00500,00500,00500,00523,00500,00500,00500,00500,00500,00500,00500,00523,00500,00500,00500,00500,00500,00500,00500,00523,00500,00500,00500,00500,00500,00500,00500,00523,00500,00500,00500,00500,00500,00500,00500,00523,00500,00500,00500,00500,00500,00500,00500,00523,00500,00500,00500,00500,00500,00500,00500,00523,00500,00500,00500,00500,00500,00500,00500,00523,00500,00500,00500,00500,00500,00500,00500,00523,00500,00500,00500,00500,00500,00500,00500,00523,00500,00500,00500,00500,00500,00500,00500,00523,00500,00500,00500,00500,00500,00500,00500,00523,00500,00500,00500,00500,00500,00500,00500,00523,00500,00500,00500,00500,00500,00500,00500,00523,
00:00:47,00500,00500,00500,00500,00500,00500,00500,00500,00500,00500,00500,00500,00500,00500,00500,00500,00500,00500,00500,00500,00500,00500,00500,00500,00500,00500,00500,00500,00500,00500,00500,00500,00500,00500,00500,00500,00500,00500,00500,00500,00500,00500,00500,00500,00500,00500,00500,00500,00500,00500,00500,00500,00500,00500,00500,00500,00500,00500,00500,00500,00500,00500,00500,00500,00500,00500,00500,00500,00500,00500,00500,00500,00500,00500,00500,00500,00500,00500,00500,00500,00500,00500,00500,00500,00500,00500,00500,00500,00500,00500,00500,00500,00500,00500,00500,00500,00500,00500,00500,00500,00500,00500,00500,00500,00500,00500,00500,00500,00504,00500,00500,00500,00500,00500,00500,00500,00504,00500,00500,00500,00500,00500,00500,00500,00504,00500,00500,00500,
00:00:48,00500,00500,00500,00500,00500,00500,00500,00500,00500,00500,00500,00500,00500,00500,00500,00500,00500,00500,00500,00500,00500,00500,00500,00500,00500,00500,00500,00500,00500,00500,00500,00500,00500,00500,00500,00500,00500,00500,00500,00500,00500,00500,00500,00500,00500,00500,00500,00500,00500,00500,00500,00500,00500,00500,00500,00500,00500,00500,00500,00500,00500,00500,00500,00500,00500,00500,00500,00500,00500,00500,00500,00500,00500,00500,00500,00500,00500,00500,00500,00500,00440,00500,00500,00500,00500,00500,00500,00500,00440,00500,00500,00500,00500,00500,00500,00500,00440,00500,00500,00500,00500,00500,00500,00500,00440,00500,00500,00500,00500,00500,00500,00500,00440,00500,00500,00500,00500,00500,00500,00500,00440,00500,00500,00500,00500,00500,00500,00500,
00:00:48,00542,00468,00540,00540,00536,00523,00567,00509,00542,00468,00540,00540,00536,00523,00567,00509,00542,00468,00540,00540,00536,00523,00567,00509,00542,00468,00540,00540,00536,00523,00567,00509,00542,00468,00540,00540,00536,00523,00567,00509,00542,00468,00540,00540,00536,00523,00567,00509,00542,00468,00540,00540,00536,00523,00567,00521,00542,00468,00540,00540,00536,00523,00567,00521,00542,00468,00540,00540,00536,00523,00567,00521,00542,00468,00540,00540,00536,00523,00567,00521,00542,00468,00540,00540,00536,00523,00567,00521,00542,00468,00540,00540,00536,00523,00567,00521,00542,00468,00540,00540,00536,00523,00567,00521,00542,00468,00540,00540,00536,00523,00567,00521,00542,00468,00540,00540,00536,00523,00567,00521,00542,00468,00540,00540,00536,00523,00567,00521,
00:00:48,00500,00500,00500,00500,00513,00500,00500,00500,00500,00500,00500,00500,00513,00500,00500,00500,00500,00500,00500,00500,00513,00500,00500,00500,00500,00500,00500,00500,00513,00500,00500,00500,00500,00500,00500,00500,00513,00500,00500,00500,00500,00500,00500,00500,00513,00532,00510,00529,00500,00500,00500,00500,00513,00532,00510,00529,00510,00530,00501,00514,00559,00511,00535,00518,00510,00530,00501,00514,00559,00511,00535,00518,00510,00530,00501,00514,00559,00511,00535,00518,00510,00530,00501,00514,00559,00511,00535,00518,00510,00530,00501,00514,00559,00511,00535,00518,00477,00530,00501,00514,00559,00511,00535,00518,00477,00530,00501,00514,00559,00511,00535,00518,00477,00530,00501,00514,00559,00511,00535,00518,00477,00530,00501,00514,00559,00511,00535,00518,
00:00:49,00500,00500,00500,00500,00500,00500,00500,00500,00500,00500,00500,00500,00500,00500,00500,00500,00500,00500,00500,00500,00500,00500,00500,00500,00500,00500,00500,00500,00500,00500,00500,00500,00500,00500,00500,00500,00500,00500,00500,00500,00500,00500,00500,00500,00500,00500,00500,00500,00500,00500,00500,00500,00500,00500,00500,00500,00500,00500,00500,00500,00500,00500,00500,00500,00500,00500,00500,00500,00500,00500,00500,00500,00500,00500,00500,00500,00500,00500,00500,00500,00500,00500,00500,00500,00500,00500,00500,00500,00500,00500,00500,00500,00500,00500,00500,00500,00500,00500,00500,00500,00500,00500,00500,00500,00500,00500,00500,00500,00485,00500,00500,00500,00500,00500,00500,00500,00485,00500,00500,00500,00500,00500,00500,00500,00485,00500,00500,00500,
00:00:49,00500,00500,00500,00500,00500,00500,00500,00544,00537,00500,00500,00500,00500,00500,00500,00544,00537,00500,00500,00500,00500,00500,00500,00544,00537,00500,00500,00500,00500,00500,00500,00544,00537,00500,00500,00500,00500,00500,00500,00544,00537,00500,00500,00500,00500,00500,00500,00544,00537,00500,00500,00500,00500,00500,00500,00544,00537,00500,00500,00500,00500,00500,00500,00544,00537,00500,00500,00500,00500,00500,00500,00544,00537,00500,00500,00500,00500,00500,00500,00544,00537,00500,00500,00500,00500,00500,00500,00544,00537,00500,00500,00500,00500,00500,00500,00544,00537,00500,00500,00500,00500,00500,00500,00544,00537,00500,00500,00500,00500,00500,00500,00544,00537,00500,00500,00500,00500,00500,00500,00544,00537,00500,00500,00500,00500,00500,00500,00544,
00:00:49,00500,00500,00500,00500,00500,00500,00500,00500,00500,00500,00500,00500,00500,00500,00500,00500,00500,00500,00500,00500,00500,00500,00500,00500,00500,00500,00500,00500,00500,00500,00500,00500,00500,00500,00500,00500,00500,00500,00500,00500,00500,00500,00500,00500,00500,00500,00500,00500,00500,00500,00500,00500,00500,00500,00500,00440,00500,00500,00500,00500,00500,00500,00500,00440,00500,00500,00500,00500,00500,00500,00500,00440,00500,00500,00500,00500,00500,00500,00500,00440,00500,00500,00500,00500,00500,00500,00500,00440,00500,00500,00500,00500,00500,00500,00500,00440,00500,00500,00500,00500,00500,00500,00500,00440,00500,00500,00500,00500,00500,00500,00500,00440,00500,00500,00500,00500,00500,00500,00500,00440,00500,00500,00500,00500,00500,00500,00500,00440,
00:00:50,00500,00500,00500,00500,00500,00500,00500,00500,00500,00500,00500,00500,00500,00500,00500,00500,00500,00500,00500,00500,00500,00500,00500,00500,00500,00500,00500,00500,00500,00500,00500,00500,00500,00500,00500,00500,00500,00500,00500,00500,00500,00500,00500,00500,00500,00500,00500,00500,00500,00500,00500,00500,00500,00500,00500,00500,00500,00500,00500,00500,00500,00500,00500,00500,00500,00500,00500,00500,00500,00500,00500,00500,00500,00500,00500,00500,00500,00500,00500,00500,00500,00500,00500,00500,00500,00500,00500,00500,00500,00500,00500,00500,00500,00500,00500,00500,00500,00500,00500,00500,00500,00500,00500,00500,00500,00500,00500,00500,00500,00500,00500,00500,00500,00500,00500,00500,00500,00500,00500,00500,00500,00500,00500,00500,00500,00500,00500,00500,
00:00:50,00500,00500,00500,00500,00500,00500,00500,00500,00500,00500,00500,00500,00500,00500,00500,00500,00500,00500,00500,00500,00500,00500,00500,00500,00500,00500,00500,00500,00500,00500,00500,00500,00500,00500,00500,00500,00500,00500,00500,00500,00500,00500,00500,00500,00500,00500,00500,00500,00500,00500,00500,00500,00500,00500,00500,00500,00500,00500,00500,00500,00500,00500,00500,00500,00500,00500,00500,00500,00500,00500,00500,00500,00500,00500,00500,00500,00500,00500,00500,00500,00500,00500,00500,00500,00500,00500,00500,00500,00500,00500,00500,00500,00500,00500,00500,00500,00500,00500,00500,00500,00500,00500,00500,00500,00500,00500,00500,00500,00500,00500,00500,00500,00500,00500,00500,00500,00500,00500,00500,00500,00500,00500,00500,00500,00500,00500,00500,00500,
00:00:50,00500,00500,00500,00500,00500,00500,00500,00500,00500,00500,00500,00500,00500,00500,00500,00500,00500,00500,00500,00500,00500,00500,00500,00500,00500,00500,00500,00500,00500,00500,00500,00500,00500,00500,00500,00500,00500,00500,00500,00500,00500,00500,00500,00500,00500,00500,00500,00500,00500,00500,00500,00500,00500,00500,00500,00500,00500,00500,00500,00500,00500,00500,00500,00500,00500,00500,00500,00500,00500,00500,00500,00500,00500,00500,00500,00500,00500,00500,00500,00500,00500,00500,00500,00500,00500,00500,00500,00500,00500,00500,00500,00500,00500,00500,00542,00500,00500,00500,00500,00500,00500,00500,00542,00500,00500,00500,00500,00500,00500,00500,00542,00500,00500,00500,00500,00500,00500,00500,00542,00500,00500,00500,00500,00500,00500,00500,00542,00500,
00:00:51,00500,00500,00500,00500,00500,00500,00500,00500,00500,00500,00500,00500,00500,00500,00500,00500,00500,00500,00500,00500,00500,00500,00500,00500,00500,00500,00500,00500,00500,00500,00500,00500,00500,00500,00500,00500,00500,00500,00500,00500,00500,00500,00500,00500,00500,00500,00500,00500,00500,00500,00500,00500,00500,00500,00500,00500,00500,00500,00500,00500,00500,00500,00500,00500,00500,00500,00500,00500,00500,00500,00500,00500,00500,00500,00500,00500,00500,00500,00499,00500,00500,00500,00500,00500,00500,00500,00499,00500,00500,00500,00500,00500,00500,00500,00499,00500,00500,00500,00500,00500,00500,00500,00499,00500,00500,00500,00500,00500,00500,00500,00499,00500,00500,00500,00500,00500,00500,00500,00499,00500,00500,00500,00500,00500,00500,00500,00499,00500,
00:00:51,00500,00500,00500,00500,00500,00500,00500,00500,00500,00500,00500,00500,00500,00500,00500,00500,00500,00500,00500,00500,00500,00500,00500,00500,00500,00500,00500,00500,00500,00500,00500,00500,00500,00500,00500,00500,00500,00500,00500,00500,00500,00500,00500,00500,00500,00500,00500,00500,00500,00500,00500,00500,00500,00500,00500,00500,00500,00500,00500,00500,00500,00500,00500,00500,00500,00500,00500,00500,00500,00500,00500,00500,00500,00500,00500,00500,00500,00500,00500,00500,00500,00500,00500,00500,00500,00500,00500,00500,00500,00500,00500,00500,00500,00500,00500,00500,00500,00500,00500,00500,00500,00500,00500,00500,00500,00500,00500,00500,00500,00500,00500,00500,00500,00500,00500,00500,00500,00500,00500,00500,00500,00500,00500,00500,00500,00500,00500,00500,
00:00:51,00500,00500,00500,00500,00500,00500,00500,00500,00554,00500,00500,00500,00500,00500,00500,00500,00554,00500,00500,00500,00500,00500,00500,00500,00554,00500,00500,00500,00500,00500,00500,00500,00554,00500,00500,00500,00500,00500,00500,00500,00554,00500,00500,00500,00500,00500,00500,00500,00554,00500,00500,00500,00500,00500,00500,00500,00554,00500,00500,00500,00500,00500,00500,00500,00554,00500,00500,00500,00500,00500,00500,00500,00554,00500,00500,00500,00500,00500,00500,00500,00554,00500,00500,00500,00500,00500,00500,00500,00554,00500,00500,00500,00500,00500,00500,00500,00554,00500,00500,00500,00500,00500,00500,00500,00554,00500,00500,00500,00500,00500,00500,00500,00554,00500,00500,00500,00500,00500,00500,00500,00554,00500,00500,00500,00500,00500,00500,00500,
00:00:52,00500,00500,00500,00500,00500,00500,00500,00500,00500,00500,00500,00500,00500,00500,00500,00500,00500,00500,00500,00500,00500,00500,00500,00500,00500,00500,00500,00500,00500,00500,00500,00500,00500,00500,00500,00500,00500,00500,00500,00500,00500,00500,00500,00500,00500,00500,00500,00500,00500,00500,00500,00500,00500,00500,00500,00500,00500,00500,00500,00500,00562,00500,00500,00500,00500,00500,00500,00500,00562,00500,00500,00500,00500,00500,00500,00500,00562,00500,00500,00500,00500,00500,00500,00500,00562,00500,00500,00500,00500,00500,00500,00500,00562,00500,00500,00500,00500,00500,00500,00500,00562,00500,00500,00500,00500,00500,00500,00500,00562,00500,00500,00500,00500,00500,00500,00500,00562,00500,00500,00500,00500,00500,00500,00500,00562,00500,00500,00500,
